
  GET|HEAD        / ........................ welcome › WelcomeController@index
  POST            _ignition/execute-solution ignition.executeSolution › Spati…
  GET|HEAD        _ignition/health-check ignition.healthCheck › Spatie\Larave…
  POST            _ignition/update-config ignition.updateConfig › Spatie\Lara…
  GET|HEAD        ajuda .................... legal.help › LegalController@help
  POST            api/cart/add .................. Api\CartController@addToCart
  GET|HEAD        api/cart/{userId} ............... Api\CartController@getCart
  GET|HEAD        api/categories ........... Api\CategoryController@categories
  GET|HEAD        api/dashboard .............. Api\GeneralController@dashboard
  POST            api/login ......................... Api\UserController@login
  POST            api/marketplace/cart/add ...... Api\CartController@addToCart
  GET|HEAD        api/marketplace/cart/{userId} ... Api\CartController@getCart
  GET|HEAD        api/marketplace/categories Api\CategoryController@categories
  GET|HEAD        api/marketplace/dashboard .. Api\GeneralController@dashboard
  POST            api/marketplace/login ............. Api\UserController@login
  GET|HEAD        api/marketplace/orders .......... Api\OrderController@orders
  POST            api/marketplace/orders .......... Api\OrderController@orders
  GET|HEAD        api/marketplace/products .... Api\ProductController@products
  POST            api/marketplace/products .. Api\ProductController@addProduct
  GET|HEAD        api/marketplace/products/{id} Api\ProductController@product
  POST            api/marketplace/register ....... Api\UserController@register
  GET|HEAD        api/marketplace/status ........ Api\GeneralController@status
  GET|HEAD        api/marketplace/users ............. Api\UserController@users
  GET|HEAD        api/orders ...................... Api\OrderController@orders
  POST            api/orders ...................... Api\OrderController@orders
  GET|HEAD        api/products ................ Api\ProductController@products
  POST            api/products .............. Api\ProductController@addProduct
  GET|HEAD        api/products/{id} ............ Api\ProductController@product
  POST            api/register ................... Api\UserController@register
  GET|HEAD        api/status .................... Api\GeneralController@status
  GET|HEAD        api/user ................................................... 
  GET|HEAD        api/users ......................... Api\UserController@users
  GET|HEAD        cart ..................... cart.index › CartController@index
  POST            cart/add/{product} ........... cart.add › CartController@add
  DELETE          cart/clear ............... cart.clear › CartController@clear
  GET|HEAD        cart/count ............... cart.count › CartController@count
  DELETE          cart/remove/{cartItem} . cart.remove › CartController@remove
  PATCH           cart/update/{cartItem} . cart.update › CartController@update
  GET|HEAD        categories ..... categories.index › CategoryController@index
  GET|HEAD        categories/{category} categories.show › CategoryController@…
  GET|HEAD        checkout ......... checkout.index › CheckoutController@index
  POST            checkout ......... checkout.store › CheckoutController@store
  GET|HEAD        confirm-password password.confirm › Auth\ConfirmablePasswor…
  POST            confirm-password .. Auth\ConfirmablePasswordController@store
  GET|HEAD        contato ............ legal.contact › LegalController@contact
  POST            contato legal.contact.submit › LegalController@contactSubmit
  GET|HEAD        dashboard ............ dashboard › DashboardController@index
  GET|HEAD        deliveries ..... deliveries.index › DeliveryController@index
  GET|HEAD        deliveries/history deliveries.history › DeliveryController@…
  GET|HEAD        deliveries/schedule deliveries.schedule › DeliveryControlle…
  POST            deliveries/schedule deliveries.store-schedule › DeliveryCon…
  GET|HEAD        deliveries/{delivery} deliveries.show › DeliveryController@…
  POST            deliveries/{delivery}/update-status deliveries.update-statu…
  POST            email/verification-notification verification.send › Auth\Em…
  GET|HEAD        faq ........................ legal.faq › LegalController@faq
  GET|HEAD        forgot-password password.request › Auth\PasswordResetLinkCo…
  POST            forgot-password password.email › Auth\PasswordResetLinkCont…
  GET|HEAD        home ........................ home › WelcomeController@index
  GET|HEAD        login ... login › Auth\AuthenticatedSessionController@create
  POST            login ............ Auth\AuthenticatedSessionController@store
  POST            logout logout › Auth\AuthenticatedSessionController@destroy
  GET|HEAD        my-reviews ......... reviews.my › ReviewController@myReviews
  GET|HEAD        notifications notifications.index › NotificationController@…
  POST            notifications/mark-all-as-read notifications.mark-all-as-re…
  GET|HEAD        notifications/unread-count notifications.unread-count › Not…
  POST            notifications/{id}/mark-as-read notifications.mark-as-read …
  GET|HEAD        orders ................ orders.index › OrderController@index
  POST            orders ................ orders.store › OrderController@store
  GET|HEAD        orders/{order} .......... orders.show › OrderController@show
  POST            orders/{order}/confirm-delivery orders.confirm-delivery › O…
  POST            orders/{order}/enable-review public-reviews.enable › Public…
  GET|HEAD        orders/{order}/products/{product}/review reviews.create › R…
  POST            orders/{order}/products/{product}/review reviews.store › Re…
  GET|HEAD        orders/{order}/review public-reviews.create › PublicReviewC…
  POST            orders/{order}/review public-reviews.store › PublicReviewCo…
  PUT             password .. password.update › Auth\PasswordController@update
  GET|HEAD        politica-de-privacidade legal.privacy-policy › LegalControl…
  GET|HEAD        producers/{producer}/reviews reviews.producer › PublicRevie…
  GET|HEAD        products .......... products.index › ProductController@index
  POST            products .......... products.store › ProductController@store
  GET|HEAD        products/category/{category} products.by-category › Product…
  GET|HEAD        products/create . products.create › ProductController@create
  GET|HEAD        products/{product} .. products.show › ProductController@show
  PUT|PATCH       products/{product} products.update › ProductController@upda…
  DELETE          products/{product} products.destroy › ProductController@des…
  GET|HEAD        products/{product}/edit products.edit › ProductController@e…
  GET|HEAD        products/{product}/reviews reviews.product › PublicReviewCo…
  GET|HEAD        profile .............. profile.edit › ProfileController@edit
  PATCH           profile .......... profile.update › ProfileController@update
  DELETE          profile ........ profile.destroy › ProfileController@destroy
  GET|HEAD        register ... register › Auth\RegisteredUserController@create
  POST            register ............... Auth\RegisteredUserController@store
  POST            reset-password password.store › Auth\NewPasswordController@…
  GET|HEAD        reset-password/{token} password.reset › Auth\NewPasswordCon…
  GET|HEAD        reviews/available reviews.available › ReviewController@avai…
  GET|HEAD        sales .................. sales.index › SalesController@index
  GET|HEAD        sales/{order} ............ sales.show › SalesController@show
  POST            sales/{order}/update-status sales.update-status › SalesCont…
  GET|HEAD        sanctum/csrf-cookie sanctum.csrf-cookie › Laravel\Sanctum  …
  GET|HEAD        sobre .................. legal.about › LegalController@about
  GET|HEAD        termos-de-uso legal.terms-of-service › LegalController@term…
  GET|HEAD        verify-email verification.notice › Auth\EmailVerificationPr…
  GET|HEAD        verify-email/{id}/{hash} verification.verify › Auth\VerifyE…

                                                          Showing [103] routes

